fold	run	calibration_excluded	damping	events	support_mode	support_runs	support_run_count	support_events	support_two_sided	support_shrink_alpha	fit_entries	fit_ok	fit_reasons	fit_mu_mev	fit_mu_residual_mev	fit_mu_err_mev	fit_sigma_mev	group_full_energy_scale	period_full_energy_scale	full_energy_scale	applied_energy_scale	clipped
full_sample	4253	0	1.0	20689	run_local	4253	1	20689	0	1.0	13486	1	pass	134.9987559956904	0.0221559956904116	0.047357184644493115	4.014565103302379	nan	1.0001857932630462	0.9998358800010637	0.9998358800010637	0
full_sample	4254	0	1.0	19747	run_local	4254	1	19747	0	1.0	12885	1	pass	134.95835356224327	-0.01824643775671575	0.04779049857065926	3.9621334746669965	nan	1.0001857932630462	1.0001352005064903	1.0001352005064903	0
full_sample	4255	0	1.0	2709	run_local	4255	1	2709	0	1.0	1906	1	pass	134.92011183669058	-0.05648816330941031	0.11161113343280103	3.9568303087177314	nan	1.0001857932630462	1.0004186785983233	1.0004186785983233	0
full_sample	4256	0	1.0	3922	run_local	4256	1	3922	0	1.0	2892	1	pass	135.0371001272691	0.06050012726910836	0.08197974926012871	3.516774193999574	nan	1.0001857932630462	0.9995519740337131	0.9995519740337131	0
full_sample	4257	0	1.0	4128	run_local	4257	1	4128	0	1.0	2529	1	pass	135.3436862130583	0.36708621305831457	0.10064034979284019	3.8371783922541867	nan	1.0001857932630462	0.9972877477824829	0.9972877477824829	0
full_sample	4258	0	1.0	3823	run_local	4258	1	3823	0	1.0	2367	1	pass	135.20429943517397	0.2276994351739745	0.10837764410367587	4.033452801300253	nan	1.0001857932630462	0.9983158861358314	0.9983158861358314	0
full_sample	4259	0	1.0	788	chronological_group_two_sided	4259,4258,4260	3	4911	1	1.0	3062	1	pass	135.16849157101728	0.19189157101729393	0.09658882761825921	4.056616308671032	0.9985803527968168	1.0001857932630462	0.9985803527968168	0.9985803527968168	0
full_sample	4260	0	1.0	300	chronological_group_two_sided	4260,4259,4261	3	1355	1	1.0	874	1	pass	134.85705900750122	-0.11954099249877004	0.19153431682578972	4.473645891716276	1.0008864274023068	1.0001857932630462	1.0008864274023068	1.0008864274023068	0
full_sample	4261	0	1.0	267	chronological_group_two_sided	4261,4260,4262	3	24434	1	1.0	14143	1	pass	134.98996961494493	0.013369614944934938	0.048471124269232085	4.0662766926967535	0.9999009584565204	1.0001857932630462	0.9999009584565204	0.9999009584565204	0
full_sample	4262	0	1.0	23867	run_local	4262	1	23867	0	1.0	13776	1	pass	134.99116184568393	0.01456184568394292	0.04899307896640529	4.054412818479005	nan	1.0001857932630462	0.9998921274142333	0.9998921274142333	0
full_sample	4263	0	1.0	25169	run_local	4263	1	25169	0	1.0	14803	1	pass	134.9179795383794	-0.05862046162059187	0.04619094656602075	3.9398037632315317	nan	1.0001857932630462	1.000434489619702	1.000434489619702	0
full_sample	4264	0	1.0	25634	run_local	4264	1	25634	0	1.0	15014	1	pass	134.9904662248082	0.013866224808197103	0.046071587163176136	3.9433584822971968	nan	1.0001857932630462	0.9998972799694972	0.9998972799694972	0
full_sample	4265	0	1.0	26311	run_local	4265	1	26311	0	1.0	15256	1	pass	134.83713677308222	-0.13946322691776913	0.04551426818509821	3.9413142182275736	nan	1.0001857932630462	1.0010343087242535	1.0010343087242535	0
full_sample	4266	0	1.0	13192	run_local	4266	1	13192	0	1.0	8354	1	pass	134.96471534897682	-0.01188465102316627	0.05775060796046961	3.746283471775221	nan	1.0001857932630462	1.0000880574674087	1.0000880574674087	0
full_sample	4267	0	1.0	8318	run_local	4267	1	8318	0	1.0	5490	1	pass	134.98314505622704	0.006545056227054147	0.06764078027173767	3.8360607900868176	nan	1.0001857932630462	0.9999515120482314	0.9999515120482314	0
full_sample	4268	0	1.0	5369	run_local	4268	1	5369	0	1.0	3163	1	pass	135.2489593275033	0.2723593275032954	0.09165074784051433	3.753400134813731	nan	1.0001857932630462	0.9979862371669435	0.9979862371669435	0
full_sample	4269	0	1.0	3197	run_local	4269	1	3197	0	1.0	1885	1	pass	135.36973197848974	0.39313197848974824	0.11851275077066784	3.632709999008649	nan	1.0001857932630462	0.9970958649858875	0.9970958649858875	0
full_sample	4270	0	1.0	947	chronological_group_one_sided_shrunk	4270,4269	2	4144	0	0.4263352253056334	2459	1	pass	135.25768613993046	0.2810861399304656	0.10391885012947069	3.675183486562972	0.9979218471944015	1.0001857932630462	0.99921996590223	0.99921996590223	0
full_sample	4300	0	1.0	22519	run_local	4300	1	22519	0	1.0	13111	1	pass	135.0016895675995	0.0250895675995082	0.05063759557680198	4.102901204325682	nan	1.0001857932630462	0.9998141536770402	0.9998141536770402	0
full_sample	4301	0	1.0	21390	run_local	4301	1	21390	0	1.0	12460	1	pass	134.88458791720421	-0.092012082795776	0.050615755244496644	4.021905085895632	nan	1.0001857932630462	1.000682154160209	1.000682154160209	0
full_sample	4302	0	1.0	26124	run_local	4302	1	26124	0	1.0	15257	1	pass	134.85622677934734	-0.12037322065265244	0.04651396345222217	4.05239827791254	nan	1.0001857932630462	1.0008926040979154	1.0008926040979154	0
full_sample	4303	0	1.0	23242	run_local	4303	1	23242	0	1.0	13617	1	pass	134.8534371732642	-0.12316282673577916	0.050278701872364925	4.154467360579412	nan	1.0001857932630462	1.0009133087692643	1.0009133087692643	0
full_sample	4304	0	1.0	6283	run_local	4304	1	6283	0	1.0	3870	1	pass	134.87566031532972	-0.1009396846702657	0.08430748569219233	3.898696831928715	nan	1.0001857932630462	1.0007483906616974	1.0007483906616974	0
full_sample	4305	0	1.0	3714	run_local	4305	1	3714	0	1.0	2298	1	pass	135.08129029487287	0.1046902948728814	0.10414662715003374	3.895456327174967	nan	1.0001857932630462	0.9992249830110125	0.9992249830110125	0
full_sample	4306	0	1.0	4277	run_local	4306	1	4277	0	1.0	2790	1	pass	134.77743701358852	-0.19916298641146568	0.08940297070625855	3.652042677818925	nan	1.0001857932630462	1.0014777175677512	1.0014777175677512	0
full_sample	4308	0	1.0	2478	run_local	4308	1	2478	0	1.0	1492	1	pass	135.00328557282847	0.026685572828483828	0.14001570617426937	3.9960592414508405	nan	1.0001857932630462	0.9998023339008731	0.9998023339008731	0
full_sample	4309	0	1.0	466	chronological_group_one_sided_shrunk	4309,4312	2	28230	0	0.4814482955658018	14882	1	pass	135.02466169251966	0.048061692519667076	0.04907463635577479	4.0337183741276466	0.9996440524870256	1.0002166060327013	0.9999409101802351	0.9999409101802351	0
full_sample	4312	0	1.0	27764	run_local	4312	1	27764	0	1.0	14610	1	pass	135.02163771337462	0.04503771337462581	0.04956243261064513	4.03057989545713	nan	1.0002166060327013	0.9996664407709953	0.9996664407709953	0
full_sample	4313	0	1.0	31806	run_local	4313	1	31806	0	1.0	16849	1	pass	135.09814499763218	0.12154499763218496	0.0464549134529795	4.07881413650195	nan	1.0002166060327013	0.9991003207510043	0.9991003207510043	0
full_sample	4314	0	1.0	31068	run_local	4314	1	31068	0	1.0	16417	1	pass	135.0035386651377	0.026938665137720363	0.0461173762133183	4.034004364871476	nan	1.0002166060327013	0.9998004595627339	0.9998004595627339	0
full_sample	4315	0	1.0	29033	run_local	4315	1	29033	0	1.0	15164	1	pass	135.0017770939124	0.025177093912418513	0.047423454242958824	4.0156161139293225	nan	1.0002166060327013	0.9998135054630066	0.9998135054630066	0
full_sample	4316	0	1.0	31135	run_local	4316	1	31135	0	1.0	16568	1	pass	135.05088655641174	0.07428655641174942	0.046706060523279885	4.029944447618654	nan	1.0002166060327013	0.9994499365512812	0.9994499365512812	0
full_sample	4317	0	1.0	30834	run_local	4317	1	30834	0	1.0	16383	1	pass	134.95821150363997	-0.018388496360017825	0.04625741785414395	4.028767019804492	nan	1.0002166060327013	1.0001362532605844	1.0001362532605844	0
full_sample	4318	0	1.0	29903	run_local	4318	1	29903	0	1.0	15661	1	pass	135.07970273897513	0.10310273897513866	0.047632646789581456	4.03128810931625	nan	1.0002166060327013	0.9992367266370553	0.9992367266370553	0
full_sample	4319	0	1.0	30018	run_local	4319	1	30018	0	1.0	15881	1	pass	135.09109930730756	0.11449930730756819	0.04729849911585588	4.09766365704349	nan	1.0002166060327013	0.9991524289320712	0.9991524289320712	0
full_sample	4320	0	1.0	8676	run_local	4320	1	8676	0	1.0	4875	1	pass	135.0566171806834	0.08001718068339869	0.07749048477469266	3.8000177638530768	nan	1.0002166060327013	0.9994075286175993	0.9994075286175993	0
full_sample	4321	0	1.0	9533	run_local	4321	1	9533	0	1.0	5468	1	pass	134.9923672559426	0.015767255942620295	0.07314122843754772	3.9504140940275607	nan	1.0002166060327013	0.9998831989077374	0.9998831989077374	0
full_sample	4323	0	1.0	8367	run_local	4323	1	8367	0	1.0	5061	1	pass	135.18305663036193	0.2064566303619415	0.06965445890253982	3.736921851154928	nan	1.0002166060327013	0.9984727625228473	0.9984727625228473	0
full_sample	4324	0	1.0	2135	run_local	4324	1	2135	0	1.0	1144	1	pass	134.99786856240488	0.021268562404884506	0.1637775855230477	3.7882399819660195	nan	1.0002166060327013	0.9998424526058717	0.9998424526058717	0
full_sample	4349	0	1.0	22083	run_local	4349	1	22083	0	1.0	12920	1	pass	132.5795588862555	-2.3970411137444785	0.04863076812615335	3.997309725000656	nan	1.0002166060327013	1.018080020282772	1.018080020282772	0
full_sample	4350	0	1.0	21515	run_local	4350	1	21515	0	1.0	12602	1	pass	135.04470391266972	0.06810391266972715	0.05240795215897261	4.124731704144718	nan	1.0002166060327013	0.9994956935688958	0.9994956935688958	0
full_sample	4351	0	1.0	27109	run_local	4351	1	27109	0	1.0	15830	1	pass	134.99589958601013	0.019299586010134817	0.045381638868979834	4.049498497174473	nan	1.0002166060327013	0.9998570357613134	0.9998570357613134	0
full_sample	4352	0	1.0	26934	run_local	4352	1	26934	0	1.0	15735	1	pass	134.99535293124296	0.018752931242971727	0.045263734761008215	4.008722365677549	nan	1.0002166060327013	0.9998610846163533	0.9998610846163533	0
full_sample	4353	0	1.0	7242	run_local	4353	1	7242	0	1.0	4363	1	pass	135.04257146854516	0.06597146854517177	0.0804839563712681	3.878181947667072	nan	1.0002166060327013	0.9995114765082762	0.9995114765082762	0
full_sample	4354	0	1.0	6243	run_local	4354	1	6243	0	1.0	3850	1	pass	135.05989357564383	0.083293575643836	0.08667449404219252	4.049293700771855	nan	1.0002166060327013	0.9993832841605403	0.9993832841605403	0
full_sample	4355	0	1.0	4413	run_local	4355	1	4413	0	1.0	2862	1	pass	135.0423064875869	0.06570648758690822	0.08831316238302639	3.724044767549056	nan	1.0002166060327013	0.9995134377566859	0.9995134377566859	0
full_sample	4356	0	1.0	2850	run_local	4356	1	2850	0	1.0	1642	1	pass	135.45180381281926	0.4752038128192737	0.1339103209710058	3.842077932653013	nan	1.0002166060327013	0.9964917129233956	0.9964917129233956	0
full_sample	4357	0	1.0	438	chronological_group_two_sided	4357,4356,4358	3	3621	1	1.0	2054	1	pass	135.34704530227148	0.37044530227149153	0.12132336051642478	3.901849715481407	0.9972629967544236	1.0002166060327013	0.9972629967544236	0.9972629967544236	0
full_sample	4358	0	1.0	333	chronological_group_two_sided	4358,4357,4359	3	33057	1	1.0	17540	1	pass	135.03839587582422	0.06179587582423096	0.04689691584900745	4.1268555374981135	0.9995423829243273	1.0002166060327013	0.9995423829243273	0.9995423829243273	0
full_sample	4359	0	1.0	32286	run_local	4359	1	32286	0	1.0	17128	1	pass	135.0403052183479	0.06370521834790566	0.04752231585680125	4.1272921689077995	nan	1.0002166060327013	0.9995282503379647	0.9995282503379647	0
full_sample	4360	0	1.0	34941	run_local	4360	1	34941	0	1.0	18363	1	pass	135.07451527499288	0.09791527499288577	0.04568905822499726	4.107176175964078	nan	1.0002166060327013	0.9992751017851624	0.9992751017851624	0
full_sample	4361	0	1.0	29989	run_local	4361	1	29989	0	1.0	15875	1	pass	135.09106431807973	0.11446431807974022	0.048567253622488045	4.045203024069103	nan	1.0002166060327013	0.9991526877172999	0.9991526877172999	0
full_sample	4362	0	1.0	31591	run_local	4362	1	31591	0	1.0	16640	1	pass	134.93116436789649	-0.045435632103504986	0.047395453745892165	4.094218948848273	nan	1.0002166060327013	1.0003367319352527	1.0003367319352527	0
full_sample	4363	0	1.0	31585	run_local	4363	1	31585	0	1.0	16611	1	pass	135.109806361638	0.1332063616380026	0.048266956810706266	4.14810054641533	nan	1.0002166060327013	0.9990140881315346	0.9990140881315346	0
full_sample	4364	0	1.0	31830	run_local	4364	1	31830	0	1.0	16620	1	pass	135.0478926858251	0.07129268582511372	0.04710752764198158	4.079927629153318	nan	1.0002166060327013	0.9994720933114375	0.9994720933114375	0
full_sample	4365	0	1.0	9810	run_local	4365	1	9810	0	1.0	5197	1	pass	135.10375515837904	0.127155158379054	0.08167807286338462	3.9934503138303645	nan	1.0002166060327013	0.99905883327795	0.99905883327795	0
full_sample	4366	0	1.0	21780	run_local	4366	1	21780	0	1.0	11448	1	pass	134.94690969444264	-0.029690305557352303	0.05722719748441631	4.063321231371161	nan	1.0002166060327013	1.0002200147126346	1.0002200147126346	0
full_sample	4367	0	1.0	30489	run_local	4367	1	30489	0	1.0	15906	1	pass	134.94335035997764	-0.03324964002234765	0.049772763284122626	4.168847283600308	nan	1.0002166060327013	1.0002463970246303	1.0002463970246303	0
full_sample	4368	0	1.0	8443	run_local	4368	1	8443	0	1.0	4706	1	pass	134.9860187935489	0.009418793548917392	0.08231166387906319	3.996177288946346	nan	1.0002166060327013	0.9999302239325739	0.9999302239325739	0
full_sample	4369	0	1.0	9144	run_local	4369	1	9144	0	1.0	5163	1	pass	134.91756851034987	-0.05903148965012406	0.07487076942393951	3.906404035259857	nan	1.0002166060327013	1.000437537455662	1.000437537455662	0
full_sample	4370	0	1.0	3363	run_local	4370	1	3363	0	1.0	1994	1	pass	134.9807565929683	0.004156592968314499	0.11569060348620296	3.9157663583114095	nan	1.0002166060327013	0.9999692060329692	0.9999692060329692	0
full_sample	4371	0	1.0	2720	run_local	4371	1	2720	0	1.0	1634	1	pass	134.91404399508255	-0.06255600491743962	0.1224368726080393	3.669711316307256	nan	1.0002166060327013	1.0004636730399967	1.0004636730399967	0
full_sample	4372	0	1.0	1898	run_local	4372	1	1898	0	1.0	982	1	pass	135.20306197087382	0.22646197087382802	0.197898077261103	4.153201560906582	nan	1.0002166060327013	0.9983250233569221	0.9983250233569221	0
full_sample	4397	0	1.0	24999	run_local	4397	1	24999	0	1.0	14462	1	pass	134.93992554016893	-0.03667445983106177	0.04762651596497001	4.066540951266745	nan	1.0002166060327013	1.0002717836080335	1.0002717836080335	0
full_sample	4398	0	1.0	22923	run_local	4398	1	22923	0	1.0	13383	1	pass	134.97228143713554	-0.004318562864455089	0.049963391461815325	4.053754646494632	nan	1.0002166060327013	1.0000319959240407	1.0000319959240407	0
full_sample	4399	0	1.0	24676	run_local	4399	1	24676	0	1.0	14402	1	pass	135.04392627434868	0.06732627434868732	0.048669803709275906	4.124359260024038	nan	1.0002166060327013	0.9995014490750816	0.9995014490750816	0
full_sample	4400	0	1.0	25164	run_local	4400	1	25164	0	1.0	14694	1	pass	134.96331996696372	-0.013280033036267014	0.04887806622282703	4.1374278975701	nan	1.0002166060327013	1.000098397350032	1.000098397350032	0
full_sample	4401	0	1.0	5257	run_local	4401	1	5257	0	1.0	3173	1	pass	134.88021118593363	-0.09638881406635846	0.0948666029127581	3.7991607407207715	nan	1.0002166060327013	1.0007146253198957	1.0007146253198957	0
full_sample	4402	0	1.0	5145	run_local	4402	1	5145	0	1.0	3194	1	pass	134.8631331354403	-0.11346686455968324	0.09003205160686602	3.789482033648149	nan	1.0002166060327013	1.0008413482760017	1.0008413482760017	0
full_sample	4403	0	1.0	3829	run_local	4403	1	3829	0	1.0	2437	1	pass	134.86172261471262	-0.11487738528737168	0.0964435142239124	3.7274007701330896	nan	1.0002166060327013	1.0008518160902895	1.0008518160902895	0
full_sample	4404	0	1.0	2618	run_local	4404	1	2618	0	1.0	1529	1	pass	135.12275661576174	0.14615661576175398	0.14809248536317854	4.027175840119429	nan	1.0002166060327013	0.9989183419623582	0.9989183419623582	0
full_sample	4405	0	1.0	414	chronological_group_one_sided_shrunk	4405,4406,4407	3	32880	0	0.48258856733775635	17231	1	pass	134.66003654611208	-0.31656345388790896	0.047486345486675914	4.177623124958447	1.0023508344569587	0.9999664974352799	1.001116442282463	1.001116442282463	0
full_sample	4406	0	1.0	356	chronological_group_two_sided	4406,4405,4407	3	32880	1	1.0	17231	1	pass	134.66003654611208	-0.31656345388790896	0.047486345486675914	4.177623124958447	1.0023508344569587	0.9999664974352799	1.0023508344569587	1.0023508344569587	0
full_sample	4407	0	1.0	32110	run_local	4407	1	32110	0	1.0	16812	1	pass	134.65863902457593	-0.3179609754240573	0.04806325184939282	4.1639275897023165	nan	0.9999664974352799	1.002361237108345	1.002361237108345	0
full_sample	4408	0	1.0	33830	run_local	4408	1	33830	0	1.0	17688	1	pass	134.69863802532066	-0.2779619746793287	0.0461050335958899	4.141801894415985	nan	0.9999664974352799	1.0020635841516607	1.0020635841516607	0
full_sample	4409	0	1.0	16575	run_local	4409	1	16575	0	1.0	8787	1	pass	134.64027753868103	-0.33632246131895727	0.0676354908359652	4.128215025463474	nan	0.9999664974352799	1.0024979335119264	1.0024979335119264	0
full_sample	4410	0	1.0	33535	run_local	4410	1	33535	0	1.0	17532	1	pass	134.732725560147	-0.24387443985298773	0.046628720888159066	4.190089910369819	nan	0.9999664974352799	1.0018100609101397	1.0018100609101397	0
full_sample	4411	0	1.0	27771	run_local	4411	1	27771	0	1.0	14540	1	pass	134.74710221854198	-0.22949778145800792	0.05099717019464281	4.172439950279081	nan	0.9999664974352799	1.0017031741512763	1.0017031741512763	0
full_sample	4414	0	1.0	33710	run_local	4414	1	33710	0	1.0	17164	1	pass	138.1750311035539	3.198431103553901	0.05448761370914759	4.299173128685957	nan	0.9999664974352799	0.9768523221742077	0.98	1
full_sample	4415	0	1.0	33112	run_local	4415	1	33112	0	1.0	17042	1	pass	136.92697153538717	1.950371535387177	0.05208840426951783	4.276073921379328	nan	0.9999664974352799	0.9857561186556797	0.9857561186556797	0
full_sample	4417	0	1.0	33428	run_local	4417	1	33428	0	1.0	17500	1	pass	136.14509163975166	1.1684916397516645	0.049010828128159066	4.23534333028709	nan	0.9999664974352799	0.9914173061571433	0.9914173061571433	0
full_sample	4418	0	1.0	8988	run_local	4418	1	8988	0	1.0	4981	1	pass	136.20112698576983	1.2245269857698418	0.08624265507643576	4.192832478287744	nan	0.9999664974352799	0.9910094210461432	0.9910094210461432	0
full_sample	4419	0	1.0	9783	run_local	4419	1	9783	0	1.0	5602	1	pass	135.965666640528	0.9890666405280228	0.07544598616014997	3.9186510390374236	nan	0.9999664974352799	0.9927256147455007	0.9927256147455007	0
full_sample	4420	0	1.0	8455	run_local	4420	1	8455	0	1.0	5064	1	pass	136.39034410468307	1.4137441046830759	0.07194190444713097	3.640049084388751	nan	0.9999664974352799	0.9896345733712792	0.9896345733712792	0
full_sample	4422	0	1.0	2415	run_local	4422	1	2415	0	1.0	1226	1	pass	136.22713535482967	1.2505353548296796	0.17728981627846999	4.133440048697264	nan	0.9999664974352799	0.9908202183685914	0.9908202183685914	0
full_sample	4483	0	1.0	3467	run_local	4483	1	3467	0	1.0	1765	1	pass	137.64877188015026	2.672171880150273	0.18279945516106452	4.189776357045878	nan	0.9999664974352799	0.9805870270860323	0.9805870270860323	0
full_sample	4484	0	1.0	24274	run_local	4484	1	24274	0	1.0	13851	1	pass	134.55916308411085	-0.4174369158891409	0.05453888184638352	4.292097216605854	nan	0.9999664974352799	1.0031022555901912	1.0031022555901912	0
full_sample	4485	0	1.0	22498	run_local	4485	1	22498	0	1.0	12872	1	pass	134.69014398925177	-0.2864560107482248	0.05651067659012911	4.274381018886492	nan	0.9999664974352799	1.002126777819549	1.002126777819549	0
full_sample	4487	0	1.0	9956	run_local	4487	1	9956	0	1.0	5658	1	pass	134.75681034326104	-0.21978965673895345	0.0831289932422305	4.217740796553259	nan	0.9999664974352799	1.0016310096400998	1.0016310096400998	0
full_sample	4488	0	1.0	17307	run_local	4488	1	17307	0	1.0	10007	1	pass	134.83527610889135	-0.14132389110864096	0.06197647238463466	4.275838643905279	nan	0.9999664974352799	1.0010481225328194	1.0010481225328194	0
full_sample	4489	0	1.0	23824	run_local	4489	1	23824	0	1.0	13589	1	pass	134.76040819705457	-0.21619180294541707	0.05569299233494595	4.2962668744873165	nan	0.9999664974352799	1.0016042679436625	1.0016042679436625	0
full_sample	4490	0	1.0	5171	run_local	4490	1	5171	0	1.0	3095	1	pass	134.66754725648627	-0.3090527435137176	0.10541685459677966	3.980540414070092	nan	0.9999664974352799	1.0022949311085698	1.0022949311085698	0
full_sample	4491	0	1.0	4861	run_local	4491	1	4861	0	1.0	2988	1	pass	134.619154478318	-0.3574455216819956	0.10391517508213395	3.974002057788847	nan	0.9999664974352799	1.002655235230582	1.002655235230582	0
full_sample	4492	0	1.0	3831	run_local	4492	1	3831	0	1.0	2373	1	pass	134.6724560796901	-0.30414392030988324	0.10570664264278759	3.686249737733569	nan	0.9999664974352799	1.0022583973676837	1.0022583973676837	0
full_sample	4493	0	1.0	2502	run_local	4493	1	2502	0	1.0	1431	1	pass	134.6675552424506	-0.3090447575494011	0.16338890127049735	3.996509763812036	nan	0.9999664974352799	1.0022948716711535	1.0022948716711535	0
full_sample	4494	0	1.0	385	chronological_group_two_sided	4494,4493,4495	3	3179	1	1.0	1812	1	pass	134.51408067743148	-0.4625193225685109	0.14553349029643642	4.078819371812091	1.0034384454046683	0.9999664974352799	1.0034384454046683	1.0034384454046683	0
full_sample	4495	0	1.0	292	chronological_group_two_sided	4495,4494,4496	3	30924	1	1.0	16341	1	pass	134.7053914576593	-0.2712085423407018	0.047335353026427614	4.039143417269014	1.0020133458609632	0.9999664974352799	1.0020133458609632	1.0020133458609632	0
full_sample	4496	0	1.0	30247	run_local	4496	1	30247	0	1.0	15960	1	pass	134.7208459629457	-0.2557540370542881	0.04780085804077908	4.0282196071006755	nan	0.9999664974352799	1.0018983998743938	1.0018983998743938	0
full_sample	4498	0	1.0	14877	run_local	4498	1	14877	0	1.0	7832	1	pass	134.7967107090372	-0.17988929096279094	0.06902376739340971	4.0067798337036225	nan	0.9999664974352799	1.0013345228530917	1.0013345228530917	0
full_sample	4499	0	1.0	27564	run_local	4499	1	27564	0	1.0	14491	1	pass	134.79462146821058	-0.1819785317894116	0.05072719316914321	4.111927763856295	nan	0.9999664974352799	1.0013500429750628	1.0013500429750628	0
full_sample	4500	0	1.0	20404	run_local	4500	1	20404	0	1.0	10673	1	pass	134.65012979675265	-0.32647020324733944	0.05993919077558083	4.136305860299934	nan	0.9999664974352799	1.0024245814225365	1.0024245814225365	0
full_sample	4501	0	1.0	29291	run_local	4501	1	29291	0	1.0	15573	1	pass	134.57309158365726	-0.4035084163427314	0.04891711220154998	4.058494962970595	nan	0.9999664974352799	1.0029984331309791	1.0029984331309791	0
full_sample	4502	0	1.0	31204	run_local	4502	1	31204	0	1.0	16439	1	pass	134.6266370819754	-0.3499629180246018	0.04880043489242903	4.063442243121399	nan	0.9999664974352799	1.002599507241732	1.002599507241732	0
full_sample	4503	0	1.0	28737	run_local	4503	1	28737	0	1.0	15073	1	pass	134.6332351494631	-0.3433648505368865	0.05055104191028087	4.097105787464021	nan	0.9999664974352799	1.0025503721288114	1.0025503721288114	0
full_sample	4504	0	1.0	30293	run_local	4504	1	30293	0	1.0	15807	1	pass	134.68441710397775	-0.2921828960222399	0.04873846332237496	4.055965876524086	nan	0.9999664974352799	1.0021693890229089	1.0021693890229089	0
full_sample	4505	0	1.0	28459	run_local	4505	1	28459	0	1.0	14986	1	pass	134.71141167000243	-0.2651883299975566	0.05127484009493219	4.155180282006567	nan	0.9999664974352799	1.0019685661868587	1.0019685661868587	0
full_sample	4506	0	1.0	7153	run_local	4506	1	7153	0	1.0	3994	1	pass	134.73390472582818	-0.24269527417180825	0.08884229584020426	3.9350709179680243	nan	0.9999664974352799	1.0018012932577414	1.0018012932577414	0
full_sample	4507	0	1.0	9228	run_local	4507	1	9228	0	1.0	5215	1	pass	134.69539553902817	-0.2812044609718214	0.07433329754812762	3.9456499338811724	nan	0.9999664974352799	1.002087706560766	1.002087706560766	0
full_sample	4508	0	1.0	7745	run_local	4508	1	7745	0	1.0	4731	1	pass	134.70131521841822	-0.2752847815817745	0.07336140885537537	3.7236227086071616	nan	0.9999664974352799	1.002043668104765	1.002043668104765	0
full_sample	4509	0	1.0	2064	run_local	4509	1	2064	0	1.0	1093	1	pass	134.97055968247983	-0.006040317520159988	0.18371895041476544	4.147417996373954	nan	0.9999664974352799	1.000044752852284	1.000044752852284	0
full_sample	4551	0	1.0	23973	run_local	4551	1	23973	0	1.0	13491	1	pass	134.6022993773303	-0.37430062266969344	0.0564698775217917	4.276681476407551	nan	0.9999664974352799	1.0027807892168352	1.0027807892168352	0
full_sample	4552	1	1.0	0	chronological_group_two_sided	4551,4555	2	45786	1	1.0	26010	1	pass	134.61232485120635	-0.364275148793638	0.04093234504163411	4.324413504490224	1.0027061054713697	0.9999664974352799	1.0027061054713697	1.0027061054713697	0
full_sample	4555	0	1.0	21813	run_local	4555	1	21813	0	1.0	12519	1	pass	134.625741104388	-0.35085889561199224	0.059352411799137195	4.386456604663604	nan	0.9999664974352799	1.0026061798637746	1.0026061798637746	0
full_sample	4556	0	1.0	6261	run_local	4556	1	6261	0	1.0	3739	1	pass	134.6206886916038	-0.3559113083962018	0.1004442338496302	4.109278873288074	nan	0.9999664974352799	1.0026438084060878	1.0026438084060878	0
full_sample	4557	0	1.0	3981	run_local	4557	1	3981	0	1.0	2559	1	pass	134.56904171711594	-0.4075582828840538	0.10059594762461806	3.6352986175905895	nan	0.9999664974352799	1.0030286184525323	1.0030286184525323	0
full_sample	4558	0	1.0	2561	run_local	4558	1	2561	0	1.0	1474	1	pass	134.54073211958465	-0.4358678804153442	0.16897499746736175	4.288655725286457	nan	0.9999664974352799	1.003239672280272	1.003239672280272	0
full_sample	4559	0	1.0	434	chronological_group_two_sided	4559,4558,4560	3	3321	1	1.0	1932	1	pass	134.61239211906076	-0.36420788093923306	0.15375548175020318	4.323821239682464	1.0027056044039178	0.9999664974352799	1.0027056044039178	1.0027056044039178	0
full_sample	4560	0	1.0	326	chronological_group_two_sided	4560,4559,4561	3	33830	1	1.0	17772	1	pass	134.64082021056524	-0.33577978943475273	0.045565119114237794	4.066291766661511	1.0024938929286795	0.9999664974352799	1.0024938929286795	1.0024938929286795	0
full_sample	4561	0	1.0	33070	run_local	4561	1	33070	0	1.0	17314	1	pass	134.63700703767313	-0.3395929623268614	0.04589307085803797	4.0554271279078575	nan	0.9999664974352799	1.0025222854384443	1.0025222854384443	0
full_sample	4562	0	1.0	31053	run_local	4562	1	31053	0	1.0	16403	1	pass	134.64939143737618	-0.3272085626238095	0.04719665909054534	4.068626199481187	nan	0.9999664974352799	1.0024300782879958	1.0024300782879958	0
full_sample	4563	0	1.0	31352	run_local	4563	1	31352	0	1.0	16276	1	pass	134.64703796230603	-0.329562037693961	0.04909043566684058	4.200272910901596	nan	0.9999664974352799	1.0024475996106668	1.0024475996106668	0
full_sample	4564	0	1.0	27494	run_local	4564	1	27494	0	1.0	14466	1	pass	134.5926100488218	-0.3839899511781937	0.05212558514394769	4.130991952631096	nan	0.9999664974352799	1.0028529794543617	1.0028529794543617	0
full_sample	4565	0	1.0	8571	run_local	4565	1	8571	0	1.0	4732	1	pass	134.77874880990913	-0.1978511900908586	0.08194926810383318	3.8851175495730637	nan	0.9999664974352799	1.0014679702240736	1.0014679702240736	0
full_sample	4566	0	1.0	7204	run_local	4566	1	7204	0	1.0	4428	1	pass	134.61368753628742	-0.3629124637125756	0.07187689027924694	3.6224025455588724	nan	0.9999664974352799	1.0026959551465726	1.0026959551465726	0
