file	bytes	sha256
README.txt	1358	c2725a5e0499953d766ba16c6d06dfabf97add5cbaeca4b5d6a08b6a85e0abff
VALIDATION.txt	2126	68bda9d6a6a32a46abb359b543cd5f029597acd6679b0c76c33330652e8829d9
kinematic_config.yaml	1836	76daaded182a950ac82aa7cb5483791b3f8cdbeab85d814b94c01efc1f7a9505
lowe_photon_scale.tsv	678	6d166647adc118a07f42a9b32cf2a8675dacdf52ccbbfe1ec663286f87e2984a
package_metadata.tsv	873	2ca48b5b61c26c31e637c303c64c87874c2ec6f8efc48b2c53d08cbc558bce43
period_photon_curve.tsv	1838	c2645052e8f5373fccda64d8e520cdfa9e1ce5e7773f38eb2175d357c0b5623f
run_period_lut.tsv	3997	2af623760af9cc40990993010e830c072630f706e94eea8f220e4872d60eb221
run_scalar_lut.tsv	27184	667c99c2aa840feb6017ff24dd67aba8465259679164479d19db1b1ac42853d9
seed_block_scale.tsv	272806	9a8159014eb15967834ad9064b8bc1533f1579f37c0b8332280fb8153b900613
